Abigail-Abby,Nabby
Abijah,Abia
Abraham,Abram-Abe,Aby
Adam-ScottishdimsofEdie,Yiddy
Adrian-Hadrian
Aeneas-Eneas
Agnes-Aggie,Aggy,Inez
Aileen,Eileen-anIrishformofHelen
Albert-Bert,Bertie
Alexander-Alec,Alex,Aleck,Alick,Eck,Ecky,Lex,Lexie,Sandy,Sanders,Sawnie
Alfred-Alf,Alfie
Algernon-Algy
Alice,Alicia-Ally,Allie,Elsie,Ailie
Alison-Elsie,Ailie
Allan-Alan
Andrew-Andy
Ann,Anna,Anne,Hannah-Annie,Nancy,Nanny,Nina,Nan,Annette
Annabel,Annabella,Annaple
Anthony,Antony-Tony
Antoinette-Net,Netty
Arabella-Bella,Bel,Belle
Archibald-Archie,Archy,Baldie
Augustin,Augustine,Austin
Augustus-Gus,Gussie,Gustus
Barbara-Bab,Babs,Babbie
Barnabas,Barnaby
Bartholomew-Bart,Bat
Beatrice,Beatrix
Benedict-Bennet
Benjamin-Ben,Benny
Bernard-Barney
Bertha-Bertie,Berty
Bertram-Bert
Bridget-Biddy
Caroline-Carrie,Caddie
Casimir-Cassie
Catherine,Catherina,Katharine,Katherine-Casy,Kate,Kathleen,Katie,Cathie,Kathie,Katrine,Kit,Kitty
Cecilia,Cecily-Sisely,Sis,Cis,Cissy,Cissie
Charles-Charley,Charlie
Christian-Christie,Christy
Christina-Chrissie,Teenie,Tina,Xina
Christopher-Chris,Kester,Kit
Clara,Clarice,Clarissa-Clare,Claire
Claud,Claudius
Clementina,Clemintine-Clement
Constance-Connie
Cora,Corinna
Crispin,Crispian,Crispus
Daniel-Dan,Danny
David-Dave,Davy
Denis,Dennis,Denys
Diana-Di,Die
Dorothea,Dorothy-Dol,Dolly,Dora
Edith-Ada
Edmund-Ed,Ned,Neddy
Edward-Ed,Eddie,Eddy,Ned,Neddy,Ted,Teddy
Edwin-Ed,Eddie,Eddy
Eleanor,Elinor,Helen,Leonora-Ella,Ellen,Nell,Nellie,Nora,Norah
Elisabeth,Eliza,Elizabeth-Bess,Bessie,Bessy,Beth,Betsy,Betty,Elsie,
Liz,Lizzie,Libby,Lisa,Liza
Elspeth-Elspie,Elsie
Emeline,Emmeline,Emily,Emma-Emm,Emmie
Emmanuel,Immanuel-Manny
Esther,Hester,Hesther-Essie
Eugenia-Genie
Euphemia-Effie,Euphie,Phemie,Phamie
Eva,Eve-Evelina,Eveline,Evelyn
Ezekial-Zeke
Faustina,Faustine
Florence-Flo,Flossie,Floy
Frances-Fanny
Francis-Frank,Francie,Frankie
Frederic,Frederick-Fred,Freddie,Freddy
Frederica-Freddie
Gabriel-Gabe
George-Dod,Doddy,Geordie,Georgie
Georgina,Georgiana-Georgie
Gerald,Gerard
German,Germaine
Gertrude-Gertie,Trudy
Gilbert-Gil
Gregory-Greg
Griselda-Grissel
Harold-Harry
Harriet,Harriot-Hatty
Helen,Helena-Nell,Nellie,Ailie,Lena
Henrietta-Etta,Hetty,Nettie
Henry-Harry,Hal,Hen,Henny
Honora,Honaria-Nora,Norah
Horace,Horatio
Hugh,Hugo-Hughie,Hughoc,Huggin
Humphrey,Humphry-Humph
Ignatius,Inigo
Isaac,Izaak-Ik,Ike
Isabel,Isabella,Isabeau,Isobel-Isa,Bel,Bella,Sibella
Jacob-Jake
James-Jeames,Jem,Jim,Jemmy,Jimmie,Jimmy
Jane-Janet,Jean,Jeanie,Jeannie
Janet-Jen,Jennie,Jenny
Jean,Jeanne,Jeannette
Jeremiah,Jeremias,Jeremy
Jessie-Jess
Joan,Joanna,Johanna
John-Johnnie,Johnny,Jack,Jock
Jonas,Jonah
Joseph-Joe,Joey
Josephine-Jo,Josy,Josie,Jozy,Pheny
Joshua-Josh
Josiah,Josias
Judith-Judy
Julia,Juliet,Julie
Julian-Jule
Julius-Jule
Kathleen-Kath,Caitlin
Kenneth-Ken
Lancelot,Launcelot
Laura,Laurinda
Laurence,Lawrence,Lorenzo-Larry
Leonard-Len,Lenny
Letitia,Lettice-Lettie
Lewis,Louis,Ludovic-Lew,Lewie,Lou,Louie
Lilian,Lilly,Lily
Llewelyn,Llewellyn,Llywelyn
Lorinda,Laurinda
Louisa,Louise-Lou,Louie
Lucretia,Lucrece
Lucy,Lucia,Lucinda
Luke,Lucas
Mabel,Amabel
Madeline-Maud,Maudlin
Magdalene-Lena,Maud
Margaret-Margie,Margery,Marjory,Marjorie,Madge,Mag,Maggie,Meg,Meggy,Peg,Peggy,Meta,Gritty
Marianne,Marian,Maryann
Marion-Mamie
Mark,Marcus,Marcius-Marcellus
Martha-Mat,Matty,Pat,Patty
Mary,Miriam-May,Moll,Molly,Mamie,Pol,Polly,Minnie
Matilda,Mathilda-Mat,Mattie,Matty,Maud,Pat,Patty,Tilda,Tillie
Matthew,Matthias-Mat,Matt
Michael-Mike,Micky
Millicent,Milicent,Melicent
Moses-Mose,Mosey
Myphanwy-Miffy
Nancy-Nan,Nance,Nina
Nathan,Nathanael,Nathaniel
Neil,Neal
Nicholas,Nicolas-Nic,Nick
Octavius,Octavus-Tavy,Tave
Oliver-Ollie,Olly,Nol,Nolly
Osmond,Osmund
Oswald,Oswold
Patrick,Patricius-Pat,Paddy
Paul,Paulus,Paulinus
Paula,Paulina,Pauline
Penelope-Penny
Peter-Pete,Peterkin
Philip-Phil,Pip
Philippa-Pippa
Phineas,Phinehas
Phoebe,Phebe
Phyllis,Phillis-Phyl
Pliny,Plinius
Prudence-Prue,Prudy
Quintin,Quentin
Ralph,Rodolph,Rodolphus,Rudolph,Rudolphus
Raymond,Raymund-Ray
Rebecca,Rebekah-Beck,Bex,Becky
Reginald,Reynold-Reg
Richard-Dick,Dickie,Dicky,Dicken,Dickon,Rick
Robert,Rupert-Bob,Bobby,Dob,Dobbin,Rob,Robbie,Robin
Roderick,Roderic-Rick,Rod,Roddie,Roddy
Roger-Rodge,Hodge,Hodgekin
Roland,Rowland
Rosa,Rosabel,Rosabella,Rosalia,Rosalie,Rosalind-Rosie
Roxana-Roxy
Samson,Sampson
Samuel-Sam,Sammy
Sarah,Sara-Sal,Sally
Sebastian-Seb
Sereno,Serenus
Sibyl,Sibylla
Silas,Silvanus
Silvester,Sylvester-Vester,Vest
Simon,Simeon-Sim
Sophia-Sophie,Sophy
Solomon-Sol
Stephen-Steenie,Steve,Stevie
Susan,Susanna,Susannah-Sue,Suke,Suky,Susie,Susy
Theodora-Dora
Theodoric,Derrick
Theresa-Terry,Tracie
Thomas-Tom,Tommy,Tam,Tammie
Timothy-Tim
Tobiah,Tobias-Toby
Tristram,Tristam
Victor-Vic
Victoria-Vicky
Vincent-Vinty
Walter-Wat,Watty
Wilhelmena-Wilmett,Wilmot,Mina,Minnie,Minella
William-Will,Willie,Willy,Bill,Billie,Billy
Winifred-Winnie
Winfred-Winnie
Zachariah,Zechariah-Zach,Zacky,Zak
Zebadiah,Zebedee
Albert-Al,Albie,Bert
Alexander-Alex,Xander,Lex,Al,Andy
Alexandra-Alex,Alexa,Lexa,Lexi
Anthony-Tony,Ant
Barbara-Barb,Babs,Barbie
Benjamin-Ben,Benjy,Benji,Benny
Christine-Chris,Christi,Tina,Chrissy
Christopher-Chris,Christo,Topher
Daniel-Dan,Danny
Danielle-Dani,Danni,Dan,Elle
Edward-Ed,Eddie,Ted,Teddy,Ned
Elizabeth-Liz,Lizzy,Lizzie,Libby,Beth,Bess,Eliza,Liza,Betty,Eli
Frances-Fran,Franny,Frannie,Frankie
Frederick-Fred,Freddie,Rick,Dick,Derick
Gabrielle-Gabby,Gabbie,Elle,Brie
James-Jim,Jimmy,Jimbo,Jamer,Jeb
Jason-Jase,Jace,Jay
Jennifer-Jen,Jenny,Jennie,Jenna
John-Johnny,Johnnie,Jack
Joseph-Joe,Joey
Katherine-Kate,Kat,Kathy,Katie,Terri
Kristin-Kris,Kristy
Margaret-Meg,Marge,Margie,Margo,Marg
Matthew-Matt,Matty,Mat
Melissa-Missy,Issa,Mel
Michael-Mike,Miko,Mikey,Mick,Mickey
Nathaniel-Nathan,Nate,Natty,Nat
Nicholas-Nick,Nico,Nicky
Oliver-Ollie,Oli
Olivia-Liv,Livvie,Olive
Patricia-Pat,Patty,Trish,Patsy
Patrick-Pat,Patty,Rick
Rebecca-Becca,Becky,Beckie,Bec,Beck,Rebby,Reba
Richard-Rich,Rick,Ricky,Dick
Robert-Rob,Robbie,Bob,Bobby,Bert,Robin
Samantha-Sam,Sammy
Stephanie-Steph,Stephie
Steven-Steve,Stevie
Susan-Suz,Susanna,Sus,Sooz,Susie,Sue
Thomas-Tom,Tommy,Thom
Timothy-Tim,Timmy,Timo
Vanessa-Van,Nessa,Nessie,Vanna
Victoria-Vicki,Vic,Tory,Tori
William-Will,Bill,Billy,Willy
