aaron-erin,ron,iron,ronnie
abel-ebbie,ab,abe,eb
abiah-ab
abiel-ab
abigail-abby,abbie,gail
abijah-ab
abner-ab,abby,abbie
abraham-aby,ab,abe,abram
adaline-delia,lena,adeline,dell,addy,adela,addie,ada
adam-ade,ad
adelaida-ida
adelbert-bert,ad,elbert,albert,ade,del,delbert
adelphia-philly,delphia,adele,dell,addy
adolphus-dolph,ado,adolph,ad
adrian-hadrian
aeneas-eneas
agatha-aggie,aggy
alabama-al,bama
alanson-al,alan,lanson
alastair-al
alberta-bert,alex,alla,berta,bertie,sandy,allie
aldo-al
aldrich-richie,al,rich
alexander-sander,alick,alex,sanders,lexie,xander,al,lex,andy,eleck,alec,sandy,aleck
alexandria-alexa
alexis-lexi
alfonse-al
alfred-alf,alfie,al,fred
alfreda-freddy,freda,fred,freddie,alfy,frieda
algernon-algy
alicia-lisa,ally,ailie,allie,elsie
alison-elsie,ailie,ali
allan-al,alan
allen-al
allison-al,ally,ali
almeda-mary
almena-mena,allie
almina-minnie
almira-mira,myra
alonzo-lonnie,lon,al,lonzo,alphonzo,lonas
aloysius-lou,lewie
alverta-virdie
alyssa-lyssa,ally
alzada-zada
amanda-mandy,manda
ambrose-brose
amelia-amy,mel,millie,melia,emily
anastasia-ana,stacy
anderson-sonny,ander,andy
andrea-drea,rea,andy,andrew,drew
angela-angelica,angie,angel
angelina-lina,angel
angeline-lina,angel
angus-gus
annaka-nancy,ann,niki,anne,annie
antony-tony
aquilla-quillie
arabella-arabelle,bel,belle,bella,ara,arry
araminta-armida,middie
archibald-archie,archy,baldo
ariadne-arie
arielle-arie
aristotle-telly
arizona-onie,ona
arlene-arly,lena
armanda-mandy
armena-mena,arry
armilda-milly
arminda-mindie
arminta-minnie
arnold-arnie
artemus-art
arthur-art
asahel-asa
asaph-asa
asenath-natty
ashley-ash
aubrey-bree
audrey-dee
augustine-augustina,august,gussie,austin,gussy,guss,augustus,gus,augie,tina,gustie,augusta,aggy,ina
aurelia-ree,orilla,aurilla,ora
azariah-riah
barbara-barbie,benny,bonnie,babs,barb,bab,bobbie,bon,babbie,barby,bunnie
barnabas-barney
barnaby-barney
bartholomew-bartel,bat,bart,barth
beatrice-bea,trisha,trixie,trix
bedelia-delia,bridgit
benedict-bennett,ben,bennet,bennie
benjamin-benjy,jamie,ben,bennie,benny,benji,benjie
bernadette-bunny
bernard-berny,barney,bernie,berney
bertha-bert,berty,birdie,bertie
bertram-bert
bethena-beth
beverley-bev
beverly-bev
blanche-bea
bradford-ford,brady,brad
brenda-brandy
brian-bryan,bryant
bridget-delia,biddy,bridey,bridie,cordelia,cordy,fidelia,brie,biddie
bridgett-bridie,biddie
brittany-britt
broderick-brody,rod,brady,ricky
caleb-cale,calep,cal
california-callie
calista-kissy
calvin-vin,vinny,cal
cameron-ron,cam,ronny
camile-cammie
camille-cammy,millie,cammie
campbell-cam
candace-candy,dacey
carmon-charm,cammie
carolann-carol
caroline-charlotte,lena,carrie,lotta,lynn,caddie,car,letty,char,carlotta,sherry,carol,lottie,cassie
carolyn-lynn,lena,carrie,caddie,lyn,carol,cassie
casimir-cassie
cassandra-sandie,alexa,cassey,alla,ali,lexie,sandra,sandi,lexa,sandy,cass,alexandra,alex,lexi,cassie
caswell-cass
catherina-cathie,kathleen,casy,kitty,kit,katrine,kathie,kate,katie
cathleen-kathy,katy,lena,kittie,catherine,cat,trina,cathy,kay,kit,cassie,katie
catriona-rena,katy,catherine,kath,karen,katrine,kate,cassie,katie,cate,cath,trina,kittie,kathy,lena,kitty,kit,katharine,kay,caitlin,kathie,cathie,cat,kathleen,cathy,casy
cecelia-cele,celia
cecily-cissy,cissie,sisely
cedric-ced,rick,ricky
celeste-lessie,celia
celina-lena
celinda-linda,lynn,lindy
charity-chat
chauncey-chance,chan
chester-chet
christa-chris
christian-chris,topher,kit,christie,christy
christiana-kris,kristy,tina,christy,chris,crissy
christina-chrissie,kris,kristy,teenie,xina,tina,christy,chris,crissy
christine-chrissie,christi,kristy,kris,chrissy,tina,christy,chris,crissy
christopher-topher,christo,kester,kit,chrissy,chris
cicely-cilla
cinderella-arilla,ella,rella,cindy,rilla
clarence-clare,clair,clay
clarinda-clara
clarissa-clare,cissy,clara,claire,clarice
claudia-claud,caya
clayton-clay
cleatus-cleat
clementina-clement
clementine-clement,clem
clemintine-clement
clifford-tony,ford,clifton,cliff
columbus-lum
conrad-conny,connie,con
constance-constant,connie
corinne-cora
cornelius-neely,neil,cornie,niel,nelle,nelly,conny,corny,cornelia,nelia,con
courtney-curt,court,corky
crystal-chris,tal,crys
curtis-curt
cynthia-cindy,sina
cyrus-cy,si
dalton-dal
daniel-dan,danny
danielle-eileen,gabby,helene,lula,gabriella,ailie,allie,nora,nellie,ellie,lu,lainie,ellen,ella,lena,dan,nell,elle,norah,eleni,helen,aileen,eleanor,danni,elaine,luella,dani
darlene-dara,darry,lena
david-vida,dave,davie,dav,davy,day,davey
dawson-doss
deanne-ann,dee
deborah-debora,deb,debbie,debi,debby
debra-deb,debbie
deidre-deedee
delores-lola,dodie,dell,dee,lolly,della
delpha-delphia,philadelphia
delphine-del
demaris-dea,maris,mary
denise-dennis,dennie,denny
dennison-dennis,dennie,denny
diana-dicey,didi,di
diane-dicey,didi,di
dianne-ann,di
dickson-dick
dolores-dee
domenic-dom
dominic-nick,nicky,dom
dominick-nick,nicky,dom
dominico-dom
donald-donnie,don,donny
donato-don
dorcus-darcus
dorinda-dorothea,dora,dolly
doris-dora
dorothy-dorothea,dottie,dortha,dora,dolly,dee,dot,dotty
dotha-dotty
douglas-doug
drusilla-drucie,silla,ella
duncan-dunk
dwight-ike
earnest-ernestine,ernie
ebenezer-eber,ebbie,eben,eb
edgar-ed,eddie,eddy
edith-edie,dicey,ada
edmond-ed,eddie,eddy
edmund-neddy,teddy,ed,ned,ted,eddy,eddie,neddie
eduardo-ed,eddie,eddy
edward-neddy,teddy,ed,ned,ted,eddy,eddie,neddie
edwina-teddy,ed,ned,ted,eddy,eddie,win,edwin,neddie
edyth-edie,edye
edythe-edie,edye
egbert-bert,burt
eldora-dora
eleazer-lazar
elena-helen
elias-eli,lee
elijah-lige,eli
elinor-ella,nell,norah,nora,ellen,nellie
elisa-lisa
elisabeth-lisa,elizabeth,elsie,bessy,alice,betsy,allie,bess,bessie,beth,ailie,ally,betty
elisha-lish,eli,ellis
elmira-ellie,elly,mira
elnora-nora
elouise-louise
elspeth-elsie
elvira-elvie,evie
elwood-woody,elly
elysia-lisa
emeline-em,emma,emmie,millie,emmer,emmy,lina,emily
emil-em,emma,milly,erma,emmie,millie,emmy,emily
emmeline-emmie
enrique-quique
ephraim-eph
erasmus-rasmus
estella-essy,stella,essie,estelle
eudora-dora
eugene-jenny,eugenia,gene,gen,genie
euphemia-effie
eurydice-dicey
eustacia-stacia,stacy
evaline-lena,ev,evelyn,eve,eva,evelina,eveline
evangeline-ev,evan,vangie
ezekial-zeke
ezekiel-zeke
ezra-ezrie
faith-fay
felicia-felix
ferdinand-freddie,freddy,ferdie,fred
ferdinando-nando,ferdie,fred
florence-florrie,floy,flora,flossie,floss,flo,flossy
floyd-lloyd
francesca-fran,franny,fanny
francesco-fran,frankie,frank
francine-fran,frannie,francie,franny
franklin-fran,frank
frederic-freddie,freddy,fred
fredericka-freddy,frieda,ricka,freda,fred
gabrielle-gabbie,gabriel,ella,helen,elle,eleanor,gabby,luella,garbrielle,gabriella,gabe,brie
garfield-gal,garry,gary
genevieve-jean,eve,jenny
geoffrey-geoff,jeff
georgia-george,georgiana
georgina-georgie
georgine-jorge,geordie,george,georgiana,georgie
gerardo-gera
gerhardt-gay
gertrude-gertie,gert,trudy
gilbert-bert,will,bertie,wilber,gil,willie,gib
gloria-glory
greenberry-green,berry
gregory-greg
gretchen-margaret
griselda-grissel
gustav-gus
gustavus-gus
gwendolyn-genny,gwen,wen,wendy
hamilton-ham
harriet-harold,hal,hatty,harry,hattie,henry
harriot-hatty
heather-hetty
helena-eileen,lena,lanna,lee,ellender,ella,nell,nora,elle,nellie,eleanor,ellie,elaine,ellen,helen,lenora,nelly,norah,aileen,ailie
henrietta-hank,hetty,hal,henri,etta,henry,yetta,etty,henny,harry,hence,retta,nettie
herbert-herbie,bert,herb
herman-harman,dutch
hermione-hermie
hesther-essie
hezekiah-ki,hy,ky,kiah
hilary-hil,hilly
hiram-hy
honora-honey,nora,norry,nonie,norah
horace-horatio,harry
hosea-hosey,hosie
howard-hal,howie
hubert-hughie,bert,hugo,hugh,hub
ian-jonathan,nathan,jacques,johnny,jackie,johnnie,jack,nat,nate,john,jon,jock
ignacio-nacho
ignatius-iggy,nate,nace
immanuel-emanuel,manuel,manny,emmanuel
india-indie,indy
iona-onnie
irene-rena,rennie
irvin-irving
isaac-ike,zeke
isabeau-isa,bella,bel,sibella
isabella-tibby,eba,ibby,bell,isabel,lizabeth,liza,lisbeth,izzy,elis,bess,bessie,lizzy,sabra,eli,elba,tess,lib,dicie,belle,ebba,bella,betsy,lilibet,elise,lily,liz,elsie,lizbeth,elizabeth,lizzie,ella,elsa,elle,lissie,lisa,beth,dicey,bel,isabelle,bette,bessy,libby,ish,betty,sibella,liddy,isa,bethia,issy,eliza,sabe
isadore-izzy
isaiah-zadie,zay
isobel-isa,bella,bel,sibella
israel-ziggy
iva-ivy
ivan-john
izaak-ike
jackson-jack
jacob-jacobus,jake,jay
jacqueline-jack,jackie
jahoda-hoda
james-jimmie,jim,jimbo,jamer,jamie,jeb,jacobus,jimmy,jemmy,jem
janice-jan
jannett-nettie
jason-jay,jace,jase
jayme-jay
jeanette-jessie,jean,nettie,janet,jeanne
jebadiah-jeb
jebediah-dyer,jed
jedediah-dyer,jed
jedidiah-jed
jefferson-sonny,jeff
jeffery-jeff
jeffrey-geoff,jeff
jehu-hughie,hugh,gee
jemima-mima,mimi,jemma
jennet-jessie,jenny
jennifer-jan,jennie,jen,jenna,jenny
jeptha-jep
jeremiah-jereme,jez,jeremy,jerry,jem
jerita-rita
jerome-jerry
jessica-jess,jessie,jesse
joann-jo
joanne-jo
joel-joe,joey
johann-john
johanna-jo
johannes-jonathan
jordan-jordy,judd
jose-pepe
joseph-jody,jos,joe,joey
josephine-jozy,josey,jody,jo,fina,josie,josy,joey
josetta-jettie
joshua-josh,joe
josiah-si,joe
joyce-joy
juanita-nita,nettie
judah-jude
judith-judie,juda,judy,judi,jude
judson-sonny,jud
julia-jule,julius,julian,julie,jules,jill,juliet
julias-jules,jule
junior-junie,june,junius,jr
kassandra-kassie
katarina-catherine,tina
katelin-kay,kate,kaye
katelyn-kay,kate,kaye
katherine-katy,katrine,rina,kate,cassie,katie,kathleen,kaye,trina,kathy,lena,terri,kitty,kit,kat,kay,kathie,cathie,cat,kittie,cathy,casy
kathryn-kathy
katrina-trina,kat
kayla-kay
kendra-kenji,kay,kenny
kenneth-ken,kenny
keziah-kezzie,kizzy,kizza,kizzie,kezzy,kid
kimberley-kim
kimberly-kim
kingsley-king
kingston-king
kristel-kris
kristen-chris,krissy,kris
kristin-chris,kristy,kris
kristine-kris,kristy,kissy,krissy,tina,christy,chris,crissy
kristopher-chris,kris
lafayette-fayette,fate
lamont-monty
latisha-tish,tisha
lauren-ren,laurie
laurinda-lars,lorne,lawrence,lon,laura,laurence,larry,lonny,lawrie,lorry
lauryn-laurie
laveda-veda
laverne-vernon,verna
lavina-vina,vonnie,viney,ina,lavinia
lavonia-vina,vonnie,viney
lavonne-von
leanne-lea,annie
lemuel-lem
leonard-lee,lenny,leon,leo,len,leona
leonardo-leon,leo,lee,len,lenny
leonidas-lee,leon
leonora-elenor,ella,nell,nellie,nora,ellen,norah,honor
leonore-nora,honor,elenor
leroy-roy,lee
leslie-lizzy,les,lester
letitia-tish,tisha,titia,lettice,lettie
levi-lee
levone-von
lewis-lou,lewie,louie,lew
lillah-lil,lilly,lily,lolly
lillian-lila,lil,odie,lilly,lily,lolly
lincoln-link
lionel-leon
lorenzo-larry,loren
loretta-lorie,lottie,etta,laura,lorrie,retta
lorraine-lorie,lorrie
louis-lou,lewie,louie,lew
louisa-louie,lou
louvinia-vina,vonnie,viney
lucas-luke,luther,lucias
lucia-lucy
lucille-lu,lucy,lou
lucinda-lu,lucy,cindy,lou
lucretia-lucy
ludovic-lou,lewie,louie,lew
luis-luie
lunetta-nettie
lurana-lura
lydia-lidia
lyndon-lindy,lynn
mackenzie-kenzy,mac,mack,mc
madeline-maggie,madie,lena,maudlin,maddy,madge,maddie,magda,maida,maud
madelyn-madie,maddy
madison-maddie,mattie,maddy
magdalena-maggie,lena
magdalene-lena,maud
magdelina-maggie,lena,magda,madge
mahala-huldah,mahaley,haley,hallie
malachi-mal,mally
malcolm-mac,mal
malinda-lindy
manerva-minerva,nerva,mina,eve,minnie,nervie
manoah-noah
manola-nonnie
marcius-marcellus
marcus-marcellus,mark,marcia
margarita-maggie,maisie,madge,meta,margaretta,marg,peggie,peg,marjory,rita,meg,greta,margy,peggy,daisy,megan,meggy,margaret,marge,mag,margo,metta,midge,gretta,marjorie,maggy,margie,margery
marguerite-peggy
marian-marianna,marion
marietta-mariah,mercy,polly,may,molly,mitzi,minnie,mollie,mae,maureen,marion,marie,mamie,mary,maria
marilyn-mary
marissa-rissa
marsha-marcie,mary
martha-marty,meg,pat,mat,marnie,molly,matty,mart,mattie,patsy,pattie,patty
martin-marty
martina-tina
martine-tine
marvin-marv,mervyn,merv
mathew-matt
mathilda-tillie,pat,mat,matty,mattie,tilda,maud,patty
matilda-tillie,tilly,pat,mat,matty,mattie,tilda,maud,tilla,patty
matthew-matt,mat,matty,matthias
maurice-maury,morris,morey,mossie
maxine-max
mckenna-ken,kenna
medora-dora
melanie-mellie
melchizedek-dick
melinda-linda,mel,mindy,lindy
melvin-mel
melvina-vina,mel,melly,mellie
mercedes-merci,sadie,mercy
mervin-merv
micajah-cage
michele-shell
michelle-mickey,chelle,shell,shelly,miche,micha,mica
mildred-mimi,milly,mell
millicent-missy,milly
miranda-mindy,randy,mandy,mari,mira
miriam-mariah,polly,sukey,daisie,may,molly,mitzi,maisie,mia,pol,mae,minnie,mimi,moll,marie,mamie,mary,maria
mitchell-mickey,mike,micah,mitch,miko,michael,micky,mikey,mick,ike
monet-nettie
monica-monna,monnie
monique-mon,monike
montague-monty
montgomery-monty
morag-sarah,sara,sal,sadie,sukie,marion,sallie,sally,cera
mortimer-mort
moses-amos,mose,moss
myrtle-myrt,mert
nadine-nada,deedee
naomi-omi
napoleon-nap,nappy,leon
natalie-tally,nattie,natty,nettie
natasha-tash,tasha,tashie,nat
nathaniel-nathan,than,nath,nat,tan,jonathan,natty,nate
nelson-nels
newton-newt
nichola-nickie,nicki,nikki,nicky
nicholas-nic,nicky,nico,nickie,nick
nichole-nickie,nicki,nikki,nicky
nicodemus-nick
nicolas-nic,nick
nicole-nole,colie,cole,nikki
norbert-bert,norby
nowell-noel
obadiah-dyer,obed,obe,obie
obediah-dyer,obed,obie
octavia-tavia
octavius-tavy
octavus-tavy
odell-odo
olivia-oliver,nollie,oli,livia,obbie,olly,livvie,liv,nolly,olive,libby,ollie
orange-ora
otis-ode
pamela-pam
pandora-dora
parthena-thena
parthenia-phenie
patience-pat,patty
paul-polly,paulie,paula,lina,pauline
paulina-polly,lina
penelope-penny,nappy,neppie
percival-percy,perce
peregrine-perry
permelia-melly,milly,mellie
pernetta-nettie
persephone-seph
petronella-nellie
philip-philippa,pippa,phil,filip,pip,phyllis,phyl,philly
phillip-phil
phillis-phyl
phoebe-fifi
pinckney-pink
piper-pi
pleasant-ples
prescott-scotty,scott
priscilla-prissy,cissy,siller,cilla
prudence-prue,prudy
rachel-rae,shelly,ray
ramona-mona
randal-randy
randle-randy
randolph-dolph,rafe,randy,randall
raphael-ralph,raff,rafi
raymond-ray
raymund-ray
rebecca-beck,becca,reba,becky,beckie
rebekah-beck,becky
regina-reggie,gina,ray
renee-rae
reuben-rube,ruby
rhoda-rodie
rhodella-della
ricardo-rick
richard-dick,dickie,dicken,dicky,rick,rich,ritchie,ricky,richie
roberto-rob
roderic-roddy,rod,rick,roddie
roderick-erick,roddy,rod,rickie,roddie,rick
roger-rod,hodge,rodger,rodge,rog
ronald-ronny,naldo,ro,ron,ronnie
rosabel-roz,rosie,belle,bella,rosa,rosabella,rose
rosalia-rosie
rosalie-rosie
rosalind-rosie
rosalyn-linda,roz,rosa,rosalinda,rose
roscoe-ross
roseann-rose,ann,rosie,roz,roseanna
rosina-sina
roxana-roxy
roxane-rox,roxie
roxanne-roxie,rose,ann,roxanna
rudolphus-dolph,rollo,rudy,rudolph,rolf
rupert-robbie,bobby,dob,rob,bob,robin
russell-russ,rusty
ryan-ry
sabrina-sabra,bri,brina
salvador-sal
samantha-sammy,sam
sampson-sam
samson-sam
samuel-sammy,sonny,sam
samyra-myra
sanford-sandy
sarahjane-dane
savannah-vannie,anna
selina-lena,sally
serena-rena,reni
seymore-see,morey
seymour-sy,see,morey
shaina-sha,shay
shannon-shanie
sharon-shaz,sha,shay,shaza
sheila-cissy,cecilia,cissie,sisely,sissie,celia,cecil
sheldon-shelly
shelton-tony,shel,shelly
sheridan-dan,danny,sher
shirley-sherry,lee,shirl
sidney-syd,sid
sigfrid-sid
sigismund-sig
silas-si
silence-liley
silvester-vester,si,sly,syl
simeon-si,simon,sim,sam,sion
sine-jenny,jess,joanna,jeanie,joan,jesse,jessie,jan,johannah,jody,jen,janet,hannah,jane,jo,jeannie,nonie,jeanne,nona,janie,jennie,jean
smith-smitty
socrates-crate
solomon-sal,salmon,sol,solly,saul,zolly
sondra-dre,sonnie
sophronia-sophie,sophy,frona,sophia,fronia
spencer-spence
stephanie-ann,steve,steven,nannie,stephie,nana,nan,inez,nessie,stephen,anne,anna,nettie,annie,annette,nanny,aggie,stevie,nance,steph,nina,nancy,agnes,aggy,nessa
sullivan-sully,van
susan-sue,susie,suzy,hannah,susy,sukey,suz,susanna
suzanne-suki,sue,susie
sybill-sibbie
sydney-sid
sylvanus-sly,syl
sylvester-sy,sly,syl,vester,si,vessie
tabitha-tobitha,tabby
tamara-tam,tammy
tamarra-tammy
tamsin-tam,tammy
temperance-tempy
temperence-tempy
tennessee-tennie,tenny
terence-terry
teresa-tyrza,tessie,thirza,tessa,tracey,terry,tracy,tess,tia,thursa
thaddeus-tad,thad
theodore-dorey,neddy,teddy,ed,ned,ted,eddy,dora,teddi,theo,theodora
theodosia-theo,dosia
theophilus-theo
theresa-tessie,tracie,thirza,tessa,tracey,terry,tracy,tess,tia,thursa
thomas-tucker,tammie,tuck,tommy,thom,tom,tam
tiffany-tiff,tiffy
tilford-tillie
timothy-tim,timmy,timo
tobiah-toby
tobias-tobe,toby
trenton-trent
unice-eunice,nicie
uriah-riah
ursula-sulie,sula
valentina-felty,vallie,val
valentine-felty,vallie,val
valeri-val
valerie-val
vanburen-buren
vandalia-vannie
vanessa-van,vannie,essa,vanna,nessa,nessie
veronica-vonnie,ron,ronna,ronni,vera,franky,ronnie,ronny
victoria-vic,tory,vicki,tori,vickie,torrie,torri,vick,torie,vicky,toria,victor
vincent-vic,vince,vinnie,vin,vinny
vincenzo-vinnie,vin
vinson-vince,vinnie,vin
viola-ola,vi
violet-vi
violetta-lettie
virginia-jenny,virgy,ginger,jennie,jane,virgie,ginny,vergie
vivian-vi,viv
wallace-wally,wallie
walter-wally,walt,wat
washington-wash
webster-webb
wilbur-will,willie
wilda-willie
wilfred-will,willie,fred
wilhelmena-mina,wilmot,minnie
wilhelmina-willy,william,wilma,mina,bill,minnie,billie,will,billy,wilhelm,helmie,liam,willie,bud
willis-willy,bill
wilson-will,willie
winfield-field,winny,win
winfred-winnie
winifred-freddie,winnie
winnifred-freddie,freddy,winny,winnie,fred
winton-wint
woodrow-woody,wood,drew
yvonne-vonna
zachariah-zeke,zachary,zacharias,zach,zak
zebedee-zeb
zebediah-dyer,zed
zechariah-zak,zach
zephaniah-zeph
