Abigail-Nabby,Abby,Gail
Abraham-Abe
Adelaida-Ida,Idly
Alan-Al
Alastair-Al
Albert-Al
Alexander-Alex,Lex,Xander,Sander,Sandy
Alexandra-Alex,Ali,Lexie,Sandy
Alfred-Al
Alfred-Alf,Alfie,Fred,Fredo.
Aloysius-Lou,Lewie
Amanda-Mandy,Mand
Andrew-Andy,Drew
Andrew-Andy,Drew,Android,Androo
Angus-Gus
Anne-Nan,Nancy
Anthony-Ant,Tony
Antoinette-Toni,Netta
Arnold-Arnie
Arthur-Art
Augustine-Gus,Gussy
Augustus-Gussie
Barbara-Barb,Barbie,Babs,Bobbie
Barnaby-Barney
Bartholomew-Bart-Barty
Benjamin-Ben,Benji,Benny
Beverley-Bev
Bonnie-Bunnie,Benny,Boner,Bon
Bridget-Biddy,Bridey
Calvin-Cal
Carolyn-Carol,Lyn
Cassandra-Cassie,Cass,Sandra,Sandy
Catherine-Cath,Cate,Kate,Cathy,Cassie,Katie
Charles-Charlie,Chuck,Chas,Chazza
Charles-Kori,Chuck,Chaz,Chic,Charley
Christine-Chris,Christy,Chrissy,Chrissie,Tina
Christopher-Chris,Topher,Kit,Chrissy
Clayton-Clay
Daniel-Dan-Danny
Daniel-Dan
David-Dave-Davey
David-Dave,Davey,Davie,Div,Dav
Deborah-Deb,Debbie
Dolores-Dee
Dominic-Dom
Dominick-Dom,Nick,Nicky
Donald-Don,Donny
Dorothy-Dot,Dottie
Douglas-Doug
Dwight-Ike
Edmund-Ed
Edmund-Ed,Eddy,Eddie,Ned,Neddie,Ted,Teddy
Edward-Ed
Edward-Ed,Eddy,Eddie,Ned,Neddie,Ted,Teddy
Edward-Eddy,Ted,Ed
Edwin-Ed
Edwin-Ed,Eddy,Eddie,Ned,Neddie,Ted,Teddy
Elaine-Lainie
Eleanor-Ellie,Nell,Nellie,Ella,Elle,Nora
Ellen-Nell,Nellie,Ellie
Elizabeth-Bess,Bessie,Bette,Bet,Betty,Beth,Betsy,Eliza,Elise,Elsa,Elsie,Elle,Ella,Lisa,Lisbeth,Lissie,Lily,Libby,Liddy,Lizbeth,Lizzie,Liz,Liza,Lilibet
Elizabeth-Beth,Betsy,Betty,Eliza,Liz,Lisa,Lizzie,Libby
Emily-Em,Emmy,Emma,Milly
Ethel-Eth
Eugene-Gene,Gen
Frances-Fran,Franny,Fanny
Francesca-Fran,Franny,Fanny
Francesco-Fran,Frank,Frankie
Francis-Fran,Frank,Frankie
Franklin-Frank
Frederick-Fred,Freddy,Rick,Fritz
Garfield-Gal,Gary,Garry
Geoffrey-Geoff
Geoffrey-Geoff,Jeff
Geoffrey-Jeff,Geoff
Gerald-Gerry,Jerry
Gertrude-Gert,Gertie
Gregory-Greg
Gustav-Gus
Harold-Harry,Hal
Helen-Nell,Nellie,Eleni
Henry-Hank,Hal,Harry
Herbert-Herb,Herbie,Bert
Hilary-Hil,Hilly
Howard-Howie
Isabella-Izzy,Isa,Bella,Bell
Jacob-Jake
James-Jim,Jimmy,Jamie,Jimbo,Jambo
Jane-Jan
Janet-Jan
Janice-Jan
Jason-Jay
Jeffrey-Jeff,Geoff
Jennifer-Jen,Jenny
Jeremiah-Jeremy,Jerry
Jeremiah-Jem,Jey,Jez
Jeremy-Jem,Jerry
Jeremy-Jem,Jey,Jez
Jerome-Jerry
Jessica-Jess,Jessie
Joel-Joe,Joey
John-Johnny,Jack,Jackie
John-Jack,Jock,Johnny
Jordan-Judd,Jordy
Joseph-Joe,Joey
Josephine-Jo,Joey,Josie
Joshua-Josh
Judith-Judy
Katherine-Kathy,Kat,Katie,Kate,Kit,Kitty,Katy
Katrina-Kat,Trina
Kenneth-Ken,Kenny
Kimberly-Kim-Kimmy
Kristen-Krissy,Kris
Lawrence-Larry
Leonard-Len,Lenny,Leon,Leo,Lee
Leonardo-Len,Lenny,Leon,Leo,Lee
Louis-Lou-Louie
Lucille-Lucy
Madeline-Maddie
Madison-Maddie
Margaret-Peggy,Daisy,Maggie,Marge
Margaret-Peg,Peggy,Meg
Maria-Mia
Martin-Marty
Mary-Daisie,Maisie,Polly,Molly
Mathew-Matt
Matthew-Matt,Matty
Megan-Meg
Michael-Mike,Mick,Mikey,Mickey
Michele-Shell,Selley
Michelle-Shell,Selley
Miranda-Randy,Mindy
Mitchell-Mitch
Montague-Monty
Montgomery-Monty
Montmorency-Monty
Natasha-Tasha,Tash,Nat
Nathan-Nat,Nate
Nathaniel-Nat,Nath
Nichola-Nickie,Nicki,Nicky,Nikki
Nicholas-Nick,Nicky
Nichole-Nickie,Nicki,Nicky,Nikki
Nigel-Nig,Niggy,Niglet,Nige
Norbert-Nobby
Oliver-Ollie
Patricia-Pat,Patty,Tricia,Trish,Patsy,Trisha
Paul-Paulie,Polly
Paula-Paulie,Polly
Pauline-Paulie,Polly
Percival-Percy
Peregrine-Perry
Peter-Pete
Peter-Pete
Philip-Phil,Philly
Philippa-Pippa,Philly
Priscilla-Cilla
Rachel-RayorRach
Raphael-Ralph,Rafi
Raymond-Ray
Rebecca-Becky,Becca,Becks,Bex,Bec
Regina-Reggie,Gina
Reginald-Reg,Reggie
Renee-Rae
Richard-Rich,Richie,Rick,Ricky,Dick,Dicky
Robert-Bob,Bobby,Bobbie,Robbie,Robin,Rob,Robo
Roberta-Bobbie
Roderick-Rod,Roddy
Rodney-Rodders
Ronald-Ron-Ronnie
Ronald-Ron,Ronnie,Ro
Russell-Russ,Rusty
Samantha-Sam,Sammy
Samuel-Sam,Sammy
Sarah-Sadie,Sally
Seymour-Sy
Sharon-Shaza,Shaz
Simon-Si,Sam
Spencer-Spence
Stephen-Steve-Stevie
Steven-Steve-Stevie
Susan-Sue,Susie,Suzy
Tamara-Tammy,Tam
Tamsin-Tammy,Tam
Teresa-Tracy,Tracey
Theodore-Ted,Teddy,Theo,Ned,Neddy
Theodore-Eddy,Ted,Ed
Theresa-Tracy,Tracey
Thomas-Tom-Tommy
Thomas-Tom,Thom,Tommy
Tobias-Toby
Trenton-Trent
Valerie-Val
Veronica-Vera,Ronni,Ronnie
Victor-Vic
Victoria-Vicky,Tori
Vincent-Vinnie,Vince
Violet-Vi
Virginia-Ginny,Ginger,Vergie
Virginia-Ginny
Walter-Wal,Walt,Wally
William-Will,Bill,Willie,Billy
William-Bill,Bilwa,Will,Liam
Zachary-Zach
